{
  "MAE": 0.030052558862421065,
  "RMSE": 0.049244203057927816,
  "R2": 0.9975708219064154,
  "Bias": -8.74302737529204e-05,
  "LoA": 0.09651848587050371,
  "Within1": 100.0,
  "Within2": 100.0,
  "PEVR": 0.9975708295636652,
  "RMR": 0.03934193821407402,
  "alpha": 0.998791197783116,
  "tau": 0.9144294644344013
}