Model,MAE,RMSE,R2,Bias,LoA,WithinÂą1,WithinÂą2,tau
DPRNet v5,3.51,4.643,-20.557,-3.222,6.552,19.9,37.9,0.868
BiGRU_XGB,1.09,1.332,-0.775,-1.011,1.701,51.3,85.1,0.632
LSTM_Bi,0.411,0.551,0.696,0.302,0.904,85.7,100.0,0.547
DPRNet-Bi,0.030052558862421065,0.049244203057927816,0.9975708219064154,-8.74302737529204e-05,0.09651848587050371,100.0,100.0,0.9144294644344013
