{
  "MAE": 0.28410032391548157,
  "RMSE": 0.3334932029247284,
  "R2": 0.8887868523597717,
  "Bias": -0.23022469878196716,
  "LoA": 0.4729018211364746,
  "Within1": 99.99286825726142,
  "Within2": 100.0,
  "PEVR": 0.932329535484314,
  "RMR": 0.22471126914024353,
  "alpha": 0.7732840180397034,
  "tau": 0.7447143197059631
}